Domain,Status,Attractiveness,Demand,Length,Sectors,Created,Expires,Registrar
brief.black,available,124,19%,5,"Business,Education,General,Law",,,
second.black,available,120,23%,6,"General,Mathematics",,,
complete.black,available,120,21%,8,"Manufacturing,Retail,Technology",,,
wizard.black,available,118,42%,6,"Entertainment,Media,Technology",,,
flat.black,expiring,116,24%,4,"Construction,Real Estate",27/08/2014 22:41,27/08/2025 22:41,"GoDaddy.com, LLC"
tenth.black,available,116,7%,5,Mathematics,,,
equal.black,available,116,19%,5,"Education,General,Law",,,
acute.black,available,112,9%,5,"Mathematics,Medicine,Science",,,
zero.black,resell,112,49%,4,Mathematics,04/12/2024 17:00,04/12/2025 17:00,"Xiamen ChinaSource Internet Service Co., Ltd"
hotshot.black,available,112,14%,7,"Business,Entertainment,Sports",,,
above.black,available,112,22%,5,Business,,,
abstract.black,available,108,29%,8,"Arts,Humanities,Science",,,
abiding.black,available,106,5%,7,"General,Religion",,,
active.black,available,104,27%,6,"Health and Fitness,Sports,Travel",,,
expert.black,resell,104,26%,6,"Business,Education,Technology",13/02/2025 15:15,13/02/2026 15:15,"Xiamen ChinaSource Internet Service Co., Ltd"
teen.black,available,104,14%,4,"Education,Entertainment,Healthcare",,,
eight.black,available,102,23%,5,"General,Mathematics",,,
absent.black,available,102,8%,6,"Business,Education,Technology",,,
captive.black,available,102,14%,7,"Entertainment,Hospitality,Technology",,,
extra.black,available,102,26%,5,"Fashion,Retail,Technology",,,
sixth.black,available,100,8%,5,Mathematics,,,
ninth.black,available,100,9%,5,Mathematics,,,
abrupt.black,available,100,3%,6,"Medicine,Science",,,
remove.black,available,100,13%,6,"Construction,Manufacturing,Technology",,,
eighth.black,available,100,6%,6,Mathematics,,,
crack.black,available,100,20%,5,Sports,,,
whiz.black,available,100,12%,4,"Business,Education,Technology",,,
adjunct.black,available,100,5%,7,Education,,,
third.black,available,100,16%,5,Mathematics,,,
whizz.black,available,98,11%,5,"Business,Education,Technology",,,
doable.black,available,96,9%,6,"Business,Education,Technology",,,
forgiving.black,available,96,3%,9,"Healthcare,Religion",,,
academic.black,available,96,20%,8,"Education,Humanities,Science",,,
alamode.black,available,96,12%,9,Fashion,,,
actual.black,available,96,22%,6,"Real Estate,Retail,Technology",,,
around.black,available,94,22%,6,"Business,General,Media,Technology",,,
abject.black,available,94,7%,6,Humanities,,,
virtuoso.black,available,94,16%,8,"Arts,Entertainment",,,
adequate.black,available,94,9%,8,"Education,Healthcare,Technology",,,
derelict.black,available,92,7%,8,"Construction,Real Estate",,,
exemplary.black,available,92,5%,9,"Business,Education,Healthcare",,,
adept.black,available,92,24%,5,"Education,Health and Fitness,Sports",,,
nought.black,available,92,4%,6,Mathematics,,,
twentieth.black,available,92,3%,9,Mathematics,,,
adjective.black,available,92,5%,9,Education,,,
abroad.black,available,92,12%,6,"Hospitality,Travel",,,
next.black,available,92,43%,4,"Retail,Technology,Transportation",,,
abortive.black,available,90,1%,8,"Medicine,Science",,,
leash.black,available,90,7%,5,"General,Health and Fitness,Retail",,,
addictive.black,available,90,9%,9,Healthcare,,,
gripping.black,available,90,3%,8,"Entertainment,Media,Technology",,,
endearing.black,available,90,1%,9,"Entertainment,Fashion,Retail",,,
additional.black,available,90,8%,10,"Fashion,Retail,Technology",,,
adoring.black,available,90,2%,7,"Entertainment,Fashion,Retail",,,
riveting.black,available,90,6%,8,"Entertainment,Media,Technology",,,
adlib.black,available,88,7%,6,Entertainment,,,
wide.black,available,88,18%,4,"Business,Media,Technology",,,
three.black,available,88,24%,5,Mathematics,,,
fifteen.black,available,88,13%,7,Mathematics,,,
twelve.black,available,88,18%,6,"General,Mathematics",,,
activist.black,available,88,12%,8,"Humanities,Politics",,,
sixteen.black,available,88,11%,7,Mathematics,,,
ace.black,available,88,34%,3,Sports,,,
hundred.black,available,88,14%,7,Mathematics,,,
proficient.black,available,88,8%,10,"Education,Health and Fitness,Sports",,,
actionable.black,available,88,13%,10,"Business,Law",,,
engrossing.black,available,86,0%,10,"Entertainment,Media,Technology",,,
extempore.black,available,86,3%,9,Entertainment,,,
intent.black,available,86,25%,6,"Business,Education,Technology",,,
recondite.black,available,86,4%,9,"Arts,Humanities,Science",,,
aboriginal.black,available,86,10%,10,Humanities,,,
xix.black,available,86,11%,3,Mathematics,,,
attendant.black,available,86,5%,9,"Healthcare,Hospitality,Transportation",,,
xiv.black,available,86,12%,3,Mathematics,,,
adolescent.black,available,86,3%,10,"Education,Entertainment,Healthcare",,,
acting.black,available,84,12%,6,Entertainment,,,
grand.black,available,84,25%,5,"Finance,General",,,
twentytwo.black,available,84,11%,10,Mathematics,,,
nineteen.black,available,84,8%,8,Mathematics,,,
twentyone.black,available,84,13%,10,Mathematics,,,
fourteen.black,available,84,8%,8,Mathematics,,,
sharp.black,available,84,34%,5,"Arts,Fashion",,,
deviate.black,available,84,12%,7,"Medicine,Science",,,
adjustable.black,available,84,3%,10,"Manufacturing,Retail,Technology",,,
seventeen.black,available,84,7%,9,Mathematics,,,
accessory.black,available,84,8%,9,"Fashion,Retail,Technology",,,
thousand.black,available,84,8%,8,Mathematics,,,
thirteen.black,available,84,10%,8,Mathematics,,,
absorbent.black,available,82,3%,9,"Healthcare,Manufacturing,Retail",,,
abroach.black,available,82,1%,7,Food and Beverage,,,
abdominal.black,available,82,1%,9,"Health and Fitness,Medicine",,,
fivesome.black,available,82,1%,8,Sports,,,
enduring.black,available,82,9%,8,"Health and Fitness,Religion",,,
dozen.black,available,82,10%,5,Mathematics,,,
cleansing.black,available,82,3%,9,Health and Fitness,,,
impromptu.black,available,82,16%,9,Entertainment,,,
good.black,expired,82,47%,4,"Food and Beverage,General,Health and Fitness,Retail",17/06/2024 15:15,17/06/2025 15:15,"Sav.com, LLC - 12"
decade.black,available,82,10%,6,Mathematics,,,
abenaki.black,available,82,2%,7,Geography,,,
abkhaz.black,available,82,1%,6,Geography,,,
dorsal.black,available,80,6%,6,"Medicine,Science",,,
absolute.black,available,80,25%,8,"Engineering,Mathematics,Science",,,
adoptable.black,available,80,3%,9,"Education,Healthcare",,,
able.black,available,80,29%,4,"Business,Education,General,Technology",,,
twenty.black,available,80,12%,6,Mathematics,,,
two.black,expired,80,24%,3,Mathematics,02/07/2024 16:54,02/07/2025 16:54,One.com A/S
abundant.black,available,80,19%,8,"Agriculture,Manufacturing,Retail",,,
trio.black,available,80,21%,4,Entertainment,,,
sequent.black,available,80,7%,7,"Healthcare,Insurance,Transportation",,,
absurd.black,available,80,16%,6,"Arts,Entertainment,Media",,,
worshipful.black,available,80,1%,10,"Education,Healthcare,Religion",,,
capable.black,available,80,12%,7,"Business,Education,Technology",,,
some.black,available,80,32%,4,"Business,Media,Retail",,,
absorbable.black,available,80,0%,10,"Healthcare,Pharmaceuticals,Science",,,
yard.black,available,80,26%,4,"Construction,General",,,
seventh.black,available,80,10%,7,Mathematics,,,
forty.black,available,80,9%,5,Mathematics,,,
adjacent.black,available,78,9%,8,"Construction,Real Estate,Retail",,,
recognized.black,available,78,3%,10,"Business,Education,Technology",,,
accurate.black,available,78,16%,8,"Engineering,Mathematics,Science",,,
accessible.black,available,78,21%,10,"Healthcare,Retail,Technology",,,
abkhazian.black,available,78,1%,9,Geography,,,
recognised.black,available,78,3%,10,"Business,Education,Technology",,,
absorptive.black,available,78,1%,10,"Healthcare,Manufacturing,Retail",,,
acceptant.black,available,78,1%,9,"Education,Healthcare",,,
abounding.black,available,78,2%,9,Agriculture,,,
abkhasian.black,available,78,1%,9,Geography,,,
accepted.black,available,78,6%,8,"Business,Education,Technology",,,
honestly.black,available,78,9%,8,"Business,Law",,,
adorable.black,available,78,8%,8,"Entertainment,Fashion,Retail",,,
dormant.black,available,78,4%,7,"Medicine,Science",,,
accidental.black,available,78,11%,10,"Healthcare,Insurance,Transportation",,,
acceptable.black,available,78,5%,10,"Business,Hospitality,Retail",,,
low.black,available,78,20%,3,"Business,Finance",,,
adrenal.black,available,78,4%,7,"Education,Healthcare,Science",,,
athletic.black,available,78,15%,8,"Health and Fitness,Sports",,,
sixtynine.black,available,78,8%,10,Mathematics,,,
eighteen.black,available,76,7%,8,Mathematics,,,
adipose.black,available,76,2%,7,"Healthcare,Science",,,
adhesive.black,available,76,7%,8,"Construction,Manufacturing,Technology",,,
obscene.black,available,76,5%,7,"Entertainment,Media",,,
resultant.black,available,76,2%,9,"Healthcare,Insurance,Transportation",,,
firstrate.black,available,76,6%,10,Business,,,
ague.black,available,76,2%,4,"Geography,Medicine,Science",,,
improvise.black,available,76,4%,9,Entertainment,,,
adaptive.black,available,76,28%,8,"Business,Education,Technology",,,
adherent.black,available,76,4%,8,"Politics,Religion",,,
hundredth.black,available,76,1%,9,Mathematics,,,
energizing.black,available,76,3%,10,"Food and Beverage,Health and Fitness,Travel",,,
threed.black,available,76,7%,7,Technology,,,
nineteenth.black,available,76,3%,10,Mathematics,,,
fifteenth.black,available,76,2%,9,Mathematics,,,
incidental.black,available,76,4%,10,"Healthcare,Insurance,Transportation",,,
abrasive.black,available,76,6%,8,"Construction,Manufacturing",,,
fourteenth.black,available,76,1%,10,Mathematics,,,
auxiliary.black,available,76,7%,9,"Healthcare,Manufacturing,Technology",,,
diamond.black,available,76,32%,7,Fashion,,,
adaptable.black,available,76,9%,9,"Business,Education,Technology",,,
thousandth.black,available,76,1%,10,Mathematics,,,
thirteenth.black,available,76,4%,10,Mathematics,,,
addable.black,available,76,2%,7,"Engineering,Mathematics,Science",,,
ancillary.black,available,76,6%,9,"Healthcare,Manufacturing,Technology",,,
ventral.black,available,76,3%,7,Science,,,
realizable.black,available,74,1%,10,"Business,Education,Technology",,,
mavin.black,available,74,7%,5,"Entertainment,Fashion,Technology",,,
adapted.black,available,74,6%,7,"Healthcare,Manufacturing,Technology",,,
sensation.black,available,74,7%,9,"Entertainment,Media,Sports",,,
adrenergic.black,available,74,1%,10,"Education,Healthcare,Science",,,
adenoid.black,available,74,1%,7,"Health and Fitness,Medicine,Science",,,
achievable.black,available,74,4%,10,"Business,Education,Technology",,,
playing.black,available,74,12%,7,Entertainment,,,
adamant.black,available,74,14%,7,Religion,,,
admirable.black,available,74,5%,9,"Business,Education,Healthcare",,,
skilful.black,available,74,3%,7,"Education,Health and Fitness,Sports",,,
activated.black,available,74,9%,9,"Healthcare,Manufacturing,Technology",,,
manageable.black,available,74,4%,10,"Business,Education,Technology",,,
cleared.black,available,74,7%,7,"Healthcare,Law,Transportation",,,
acuate.black,available,74,2%,6,"Engineering,Medicine,Science",,,
aberrant.black,available,74,6%,8,"Medicine,Science",,,
broad.black,available,74,13%,5,"Entertainment,General,Media",,,
accepting.black,available,74,3%,9,"Education,Healthcare",,,
abreast.black,available,72,2%,7,"Business,Technology",,,
trey.black,available,72,14%,4,Sports,,,
sixtieth.black,available,72,1%,8,Mathematics,,,
liv.black,available,72,27%,3,Mathematics,,,
accusative.black,available,72,0%,10,"Humanities,Law",,,
ninetieth.black,available,72,1%,9,Mathematics,,,
aching.black,available,72,4%,6,Healthcare,,,
adjectival.black,available,72,1%,10,Education,,,
adiabatic.black,available,72,3%,9,"Engineering,Science",,,
adjunctive.black,available,72,1%,10,"Healthcare,Manufacturing,Technology",,,
engrossed.black,available,72,1%,9,"Entertainment,Media,Technology",,,
ternary.black,available,72,7%,7,Mathematics,,,
adaptative.black,available,72,1%,10,"Business,Education,Technology",,,
improvize.black,available,72,1%,9,Entertainment,,,
adonic.black,available,72,2%,6,"Arts,Education,Entertainment",,,
ablaze.black,available,72,6%,6,Entertainment,,,
abloom.black,available,72,5%,6,Agriculture,,,
accustomed.black,available,72,1%,10,"Business,Education,Humanities",,,
addicted.black,available,72,9%,8,Healthcare,,,
seventieth.black,available,72,1%,10,Mathematics,,,
absorbed.black,available,72,2%,8,"Entertainment,Media,Technology",,,
existent.black,available,72,3%,8,"Mathematics,Science",,,
trinity.black,available,72,18%,7,Religion,,,
eightieth.black,available,72,1%,9,Mathematics,,,
absolutist.black,available,72,1%,10,"Humanities,Law,Politics",,,
acuminate.black,available,70,1%,9,"Engineering,Medicine,Science",,,
unity.black,available,70,40%,5,Mathematics,,,
abradant.black,available,70,1%,8,"Construction,Manufacturing",,,
gymnastic.black,available,70,3%,9,"Entertainment,Sports",,,
adored.black,available,70,6%,6,"Entertainment,Fashion,Retail",,,
adjusted.black,available,70,5%,8,"Manufacturing,Retail,Technology",,,
miserable.black,available,70,4%,9,Humanities,,,
offhand.black,available,70,2%,7,Entertainment,,,
consequent.black,available,70,3%,10,"Business,Education,General,Technology",,,
tiptop.black,available,70,24%,6,Fashion,,,
abulic.black,available,70,1%,6,Medicine,,,
adamantine.black,available,70,4%,10,Religion,,,
lowdown.black,available,70,6%,8,"Entertainment,Media",,,
accumbent.black,available,70,1%,9,"Healthcare,Medicine,Science",,,
admired.black,available,70,5%,7,"Business,Education,Healthcare",,,
absorbing.black,available,70,3%,9,"Entertainment,Media,Technology",,,
practiced.black,available,70,3%,9,"Education,Health and Fitness,Sports",,,
recumbent.black,available,70,2%,9,"Healthcare,Medicine,Science",,,
skillful.black,available,70,9%,8,"Education,Health and Fitness,Sports",,,
stillborn.black,available,70,2%,9,"Medicine,Science",,,
licensed.black,available,68,5%,8,"Business,Healthcare,Insurance",,,
abducent.black,available,68,0%,8,Medicine,,,
foursome.black,available,68,4%,8,Sports,,,
thirtieth.black,available,68,1%,9,Mathematics,,,
ablative.black,available,68,3%,8,Science,,,
abnaki.black,available,68,1%,6,Geography,,,
octonary.black,available,68,1%,8,Mathematics,,,
achaian.black,available,68,2%,7,Humanities,,,
ennead.black,available,68,5%,6,Mathematics,,,
accredited.black,available,68,9%,10,"Business,Education,Healthcare",,,
aroused.black,available,68,3%,7,"Entertainment,Health and Fitness",,,
disciple.black,available,68,14%,8,"Education,Religion",,,
overseas.black,available,68,12%,8,"Hospitality,Travel",,,
achaean.black,available,68,2%,7,Humanities,,,
abkhas.black,available,68,0%,6,Geography,,,
aberdonian.black,available,68,1%,10,Geography,,,
sevener.black,available,68,1%,7,Mathematics,,,
decorated.black,available,68,3%,9,"Entertainment,Fashion,Retail",,,
aculeate.black,available,68,1%,8,"Engineering,Medicine,Science",,,
ane.black,available,68,12%,3,Mathematics,,,
activating.black,available,68,3%,10,"Healthcare,Manufacturing,Technology",,,
fiftieth.black,available,68,0%,8,Mathematics,,,
scurvy.black,available,68,3%,6,Humanities,,,
licenced.black,available,68,2%,8,"Business,Healthcare,Insurance",,,
fortieth.black,available,68,0%,8,Mathematics,,,
acerate.black,available,68,1%,7,Science,,,
septenary.black,available,68,1%,9,Mathematics,,,
vindicated.black,available,68,2%,10,"Humanities,Law,Politics",,,
threesome.black,available,68,5%,9,Entertainment,,,
clv.black,available,66,10%,3,Mathematics,,,
exonerated.black,available,66,2%,10,"Humanities,Law,Politics",,,
adorned.black,available,66,5%,7,"Entertainment,Fashion,Retail",,,
four.black,available,66,27%,4,Mathematics,,,
tenner.black,available,66,5%,6,Finance,,,
xxv.black,available,66,6%,3,Mathematics,,,
xxi.black,available,66,10%,3,Mathematics,,,
adopted.black,available,66,4%,7,"Education,Healthcare",,,
xvii.black,available,66,5%,4,Mathematics,,,
ninety.black,available,66,11%,6,Mathematics,,,
deuce.black,available,66,9%,5,Sports,,,
teenager.black,available,66,4%,8,"Education,Entertainment,Healthcare",,,
modish.black,available,66,5%,6,Fashion,,,
abstinent.black,available,66,1%,9,"Health and Fitness,Religion",,,
acrobatic.black,available,66,4%,9,"Entertainment,Sports",,,
acappella.black,available,66,6%,10,Entertainment,,,
fifty.black,available,66,12%,5,Mathematics,,,
acervate.black,available,66,1%,8,Science,,,
buzzing.black,available,66,7%,7,"Entertainment,Media,Technology",,,
maven.black,available,66,30%,5,"Entertainment,Fashion,Technology",,,
thirty.black,available,66,8%,6,Mathematics,,,
onec.black,available,66,6%,5,Mathematics,,,
xxii.black,available,66,6%,4,Mathematics,,,
century.black,available,66,17%,7,Education,,,
performing.black,available,66,6%,10,Entertainment,,,
latest.black,available,66,18%,6,Technology,,,
xvi.black,available,66,5%,3,Mathematics,,,
xiii.black,available,66,9%,4,Mathematics,,,
accessary.black,available,66,1%,9,"Business,Law,Technology",,,
xii.black,available,66,10%,3,Mathematics,,,
according.black,available,66,3%,9,"Business,Education,Technology",,,
xxvi.black,available,66,3%,4,Mathematics,,,
sextet.black,available,66,1%,6,Entertainment,,,
xviii.black,available,66,5%,5,Mathematics,,,
eighty.black,available,66,6%,6,Mathematics,,,
acentric.black,available,64,2%,8,Science,,,
nondrinker.black,available,64,1%,10,"Health and Fitness,Religion",,,
deviant.black,available,64,12%,7,"Medicine,Science",,,
accordant.black,available,64,3%,9,"Arts,Entertainment",,,
astringent.black,available,64,1%,10,"Healthcare,Pharmaceuticals",,,
rising.black,available,64,18%,6,"Construction,Manufacturing,Real Estate",,,
absolved.black,available,64,1%,8,"Humanities,Law,Religion",,,
scatty.black,available,64,1%,6,"Arts,Entertainment,Media",,,
aflame.black,available,64,3%,6,Entertainment,,,
adagio.black,available,64,14%,6,Entertainment,,,
longdozen.black,available,62,2%,10,Mathematics,,,
accrued.black,available,62,2%,7,"Banking,Finance,Insurance",,,
ensuant.black,available,62,1%,7,"Healthcare,Insurance,Transportation",,,
wrapped.black,available,62,13%,7,"Fashion,Hospitality,Retail",,,
aborigine.black,available,62,1%,9,Humanities,,,
eighteenth.black,available,62,1%,10,Mathematics,,,
troika.black,available,62,8%,6,Politics,,,
sixteenth.black,available,62,1%,9,Mathematics,,,
quartet.black,available,62,7%,7,"Arts,Entertainment",,,
eleventh.black,available,62,5%,8,Mathematics,,,
pungent.black,available,62,1%,7,Food and Beverage,,,
chiliad.black,available,62,2%,7,Mathematics,,,
abo.black,available,62,15%,3,Science,,,
cumulative.black,available,62,2%,10,"Banking,Finance,Insurance",,,
adoptive.black,available,62,1%,8,"Education,Healthcare",,,
playacting.black,available,62,1%,10,Entertainment,,,
activation.black,available,62,16%,10,"Healthcare,Manufacturing,Technology",,,
nail.black,available,62,16%,4,"Construction,Fashion,General,Retail",,,
acidic.black,available,62,5%,6,"Food and Beverage,Science",,,
roughly.black,available,62,3%,7,"Business,Media,Technology",,,
activistic.black,available,62,1%,10,"Humanities,Politics",,,
adjuvant.black,available,62,5%,8,"Healthcare,Manufacturing,Technology",,,
aufait.black,available,62,3%,7,"Fashion,Media",,,
exculpated.black,available,62,1%,10,"Humanities,Law,Politics",,,
admissible.black,available,62,1%,10,"Education,Healthcare,Law",,,
accusing.black,available,62,1%,8,Law,,,
twodozen.black,available,62,1%,9,Mathematics,,,
fortyfour.black,available,62,6%,10,Mathematics,,,
orso.black,available,62,9%,5,"Business,Media,Technology",,,
clxxv.black,available,60,1%,5,Mathematics,,,
clxv.black,available,60,1%,4,Mathematics,,,
thou.black,available,60,7%,4,Mathematics,,,
octet.black,available,60,12%,5,Arts,,,
xcl.black,available,60,5%,3,Mathematics,,,
cxxv.black,available,60,1%,4,Mathematics,,,
cxlv.black,available,60,2%,4,Mathematics,,,
cxv.black,available,60,4%,3,Mathematics,,,
abstemious.black,available,60,0%,10,"Food and Beverage,Health and Fitness,Hospitality",,,
adnexal.black,available,60,1%,7,"Agriculture,Manufacturing,Retail",,,
aboveboard.black,available,60,5%,10,"Business,Law",,,
clxx.black,available,60,3%,4,Mathematics,,,
idolized.black,available,60,3%,8,"Entertainment,Fashion,Retail",,,
paunchy.black,available,60,0%,7,"Health and Fitness,Medicine",,,
abstainer.black,available,60,0%,9,"Health and Fitness,Religion",,,
eightysix.black,available,60,7%,10,Mathematics,,,
clx.black,available,60,10%,3,Mathematics,,,
cxx.black,available,60,10%,3,Mathematics,,,
annexal.black,available,60,1%,7,"Agriculture,Manufacturing,Retail",,,
tertiary.black,available,60,4%,8,Education,,,
cxxx.black,available,60,4%,4,Mathematics,,,
abashed.black,available,60,1%,7,Humanities,,,
adnate.black,available,60,1%,6,"Agriculture,Manufacturing,Retail",,,
cautionary.black,available,60,1%,10,"Business,Education,Healthcare",,,
clxxx.black,available,60,1%,5,Mathematics,,,
sixty.black,available,60,13%,5,Mathematics,,,
idolised.black,available,60,1%,8,"Entertainment,Fashion,Retail",,,
acceptive.black,available,60,1%,9,"Education,Healthcare",,,
cxl.black,available,60,7%,3,Mathematics,,,
cxxxv.black,available,60,2%,5,Mathematics,,,
tercet.black,available,59,2%,6,"Arts,Entertainment,Media",,,
accretive.black,available,58,6%,9,"Banking,Finance,Insurance",,,
centesimal.black,available,58,1%,10,Mathematics,,,
octad.black,available,58,5%,5,Mathematics,,,
abused.black,available,58,5%,6,"Healthcare,Law",,,
lxxx.black,available,58,2%,4,Mathematics,,,
fourscore.black,available,58,4%,9,Mathematics,,,
aucourant.black,available,58,3%,10,"Fashion,Media",,,
heptad.black,available,58,1%,6,Mathematics,,,
accoutred.black,available,58,1%,9,"Fashion,Manufacturing,Retail",,,
actuarial.black,available,58,8%,9,"Finance,Insurance,Mathematics",,,
cypher.black,available,58,29%,6,Mathematics,,,
accented.black,available,58,3%,8,"Arts,Entertainment",,,
adient.black,available,58,4%,6,"Medicine,Science",,,
offhanded.black,available,58,1%,9,Entertainment,,,
abuzz.black,available,58,5%,5,"Entertainment,Media,Technology",,,
addressed.black,available,58,3%,9,"Business,Technology,Telecommunications",,,
linear.black,available,58,22%,6,"Engineering,Mathematics,Science",,,
lxxviii.black,available,58,1%,7,Mathematics,,,
alacarte.black,available,58,11%,10,Food and Beverage,,,
twelfth.black,available,58,2%,7,Mathematics,,,
sixer.black,available,58,5%,5,Sports,,,
closeto.black,available,58,3%,8,"Business,Media,Technology",,,
abridged.black,available,58,4%,8,Media,,,
adjustive.black,available,58,1%,9,"Manufacturing,Retail,Technology",,,
abandoned.black,available,58,10%,9,"Construction,Real Estate",,,
enwrapped.black,available,58,0%,9,"Entertainment,Fashion,Media",,,
acetic.black,available,58,1%,6,"Food and Beverage,Science",,,
adhoc.black,available,58,24%,6,"Business,Engineering,Technology",,,
quintet.black,available,58,8%,7,"Arts,Entertainment",,,
fourth.black,available,58,13%,6,Mathematics,,,
addible.black,available,58,2%,7,"Engineering,Mathematics,Science",,,
seventy.black,available,58,7%,7,Mathematics,,,
tetrad.black,available,58,5%,6,Mathematics,,,
seven.black,resell,58,36%,5,Mathematics,24/01/2025 20:59,24/01/2026 20:59,"Chengdu West Dimension Digital Technology Co., Ltd."
niner.black,available,58,5%,5,Mathematics,,,
sixtyone.black,available,58,3%,9,Mathematics,,,
ache.black,available,58,7%,4,Healthcare,,,
sextuplet.black,available,58,1%,9,Healthcare,,,
acyclic.black,available,58,4%,7,"Engineering,Mathematics,Science",,,
pentad.black,available,58,2%,6,Mathematics,,,
justabout.black,available,58,3%,10,"Business,Media,Technology",,,
hexad.black,available,58,4%,5,Mathematics,,,
eighter.black,available,58,2%,7,Mathematics,,,
liii.black,available,56,4%,4,Mathematics,,,
potbellied.black,available,56,0%,10,"Health and Fitness,Medicine",,,
fiftyfour.black,available,56,3%,10,Mathematics,,,
xxxiii.black,available,56,2%,6,Mathematics,,,
lvi.black,available,56,8%,3,Mathematics,,,
lvii.black,available,56,1%,4,Mathematics,,,
abdominous.black,available,56,0%,10,"Health and Fitness,Medicine",,,
xxxv.black,available,56,4%,4,Mathematics,,,
thirtysix.black,available,56,5%,10,Mathematics,,,
xxxi.black,available,56,9%,4,Mathematics,,,
xxiv.black,available,56,5%,4,Mathematics,,,
xlviii.black,available,56,1%,6,Mathematics,,,
triad.black,available,56,15%,5,Arts,,,
xxxvi.black,available,56,1%,5,Mathematics,,,
xliii.black,available,56,1%,5,Mathematics,,,
admissive.black,available,56,1%,9,"Education,Healthcare,Hospitality",,,
xxix.black,available,56,4%,4,Mathematics,,,
admittible.black,available,56,1%,10,"Education,Healthcare,Hospitality",,,
fortysix.black,available,56,3%,9,Mathematics,,,
xxiii.black,available,56,5%,5,Mathematics,,,
aone.black,available,56,15%,5,Food and Beverage,,,
xlvii.black,available,56,2%,5,Mathematics,,,
xxvii.black,available,56,3%,5,Mathematics,,,
fiftytwo.black,available,56,6%,9,Mathematics,,,
fiftysix.black,available,56,4%,9,Mathematics,,,
fiftyfive.black,available,56,7%,10,Mathematics,,,
xxxiv.black,available,56,1%,5,Mathematics,,,
xlii.black,available,56,5%,4,Mathematics,,,
xlvi.black,available,56,3%,4,Mathematics,,,
admittable.black,available,56,1%,10,"Education,Healthcare,Hospitality",,,
xxxii.black,available,56,1%,5,Mathematics,,,
lii.black,available,56,7%,3,Mathematics,,,
fortytwo.black,available,56,17%,9,Mathematics,,,
xlv.black,available,56,6%,3,Mathematics,,,
addled.black,available,56,2%,6,Entertainment,,,
lviii.black,available,56,1%,5,Mathematics,,,
xxxviii.black,available,56,1%,7,Mathematics,,,
appressed.black,available,56,0%,9,"Agriculture,Manufacturing,Retail",,,
fiftynine.black,available,56,4%,10,Mathematics,,,
accoutered.black,available,56,0%,10,"Fashion,Manufacturing,Retail",,,
xliv.black,available,56,2%,4,Mathematics,,,
terzetto.black,available,56,3%,8,Arts,,,
maledict.black,available,56,1%,8,Religion,,,
halfdozen.black,available,56,1%,10,Mathematics,,,
thirtytwo.black,available,56,5%,10,Mathematics,,,
abeyant.black,available,56,1%,7,"Business,Law",,,
ilx.black,available,56,5%,3,Mathematics,,,
fortynine.black,available,56,3%,10,Mathematics,,,
xli.black,available,56,5%,3,Mathematics,,,
xxxvii.black,available,56,2%,6,Mathematics,,,
fiftyone.black,available,56,7%,9,Mathematics,,,
fortyone.black,available,56,4%,9,Mathematics,,,
xxviii.black,available,56,1%,6,Mathematics,,,
actuated.black,available,54,2%,8,"Automotive,Manufacturing,Technology",,,
aboral.black,available,54,2%,6,Science,,,
abhorrent.black,available,54,1%,9,Humanities,,,
acoustical.black,available,54,4%,10,Science,,,
abatic.black,available,54,1%,6,Science,,,
monitory.black,available,54,3%,8,"Business,Education,Healthcare",,,
threescore.black,available,54,1%,10,Mathematics,,,
unnatural.black,available,54,4%,9,"Medicine,Science",,,
quaternity.black,available,54,4%,10,Mathematics,,,
adaxial.black,available,54,2%,7,Science,,,
abaxial.black,available,54,1%,7,Science,,,
admonitory.black,available,54,0%,10,"Business,Education,Healthcare",,,
twoscore.black,available,54,2%,8,Mathematics,,,
vii.black,available,54,13%,3,Mathematics,,,
ternion.black,available,54,3%,7,Mathematics,,,
quintuplet.black,available,54,1%,10,"Healthcare,Medicine,Science",,,
abient.black,available,54,1%,6,Science,,,
adducent.black,available,54,1%,8,"Engineering,Mathematics,Science",,,
accentual.black,available,54,3%,9,"Arts,Entertainment",,,
accursed.black,available,54,3%,8,"Entertainment,Media,Religion",,,
iii.black,available,54,24%,3,Mathematics,,,
achy.black,available,54,3%,4,Healthcare,,,
abducens.black,available,54,1%,8,Medicine,,,
fortyfive.black,available,54,4%,10,Mathematics,,,
abatable.black,available,54,1%,8,Law,,,
adductive.black,available,54,0%,9,"Engineering,Mathematics,Science",,,
quadruplet.black,available,54,1%,10,"Healthcare,Medicine,Science",,,
achromatic.black,available,54,4%,10,Science,,,
adpressed.black,available,54,0%,9,"Agriculture,Manufacturing,Retail",,,
adducting.black,available,54,1%,9,"Engineering,Mathematics,Science",,,
scratchy.black,available,54,3%,8,Fashion,,,
deserted.black,available,54,3%,8,"Hospitality,Real Estate",,,
viii.black,available,54,6%,4,Mathematics,,,
abasic.black,available,54,1%,6,Science,,,
fin.black,resell,54,30%,3,Finance,29/11/2024 17:00,29/11/2025 17:00,"Xiamen ChinaSource Internet Service Co., Ltd"
sise.black,available,54,5%,4,Mathematics,,,
deuceace.black,available,54,2%,9,Sports,,,
quatern.black,available,54,2%,7,Mathematics,,,
adjuratory.black,available,54,0%,10,"Law,Politics,Religion",,,
quaternion.black,available,54,6%,10,Mathematics,,,
topnotch.black,available,54,18%,8,Business,,,
sestet.black,available,53,1%,6,Arts,,,
septet.black,available,53,1%,6,General,,,
chagrined.black,available,52,1%,9,Humanities,,,
lxvi.black,available,52,3%,4,Mathematics,,,
odious.black,available,52,2%,6,"Entertainment,Humanities",,,
lxxi.black,available,52,1%,4,Mathematics,,,
lxviii.black,available,52,1%,6,Mathematics,,,
sixtyfour.black,available,52,3%,10,Mathematics,,,
sixtysix.black,available,52,4%,9,Mathematics,,,
ninetyone.black,available,52,5%,10,Mathematics,,,
lxxxiv.black,available,52,1%,6,Mathematics,,,
ninetysix.black,available,52,4%,10,Mathematics,,,
uphill.black,available,52,7%,6,"Sports,Transportation,Travel",,,
ablated.black,available,52,1%,7,Science,,,
xciv.black,available,52,2%,4,Mathematics,,,
sixtyfive.black,available,52,3%,10,Mathematics,,,
abstruse.black,available,52,5%,8,"Humanities,Mathematics,Science",,,
lxiii.black,available,52,2%,5,Mathematics,,,
xcv.black,available,52,7%,3,Mathematics,,,
lxxxv.black,available,52,1%,5,Mathematics,,,
xcvi.black,available,52,2%,4,Mathematics,,,
eightytwo.black,available,52,4%,10,Mathematics,,,
aboulic.black,available,52,1%,7,Medicine,,,
lxxiv.black,available,52,1%,5,Mathematics,,,
lxiv.black,available,52,3%,4,Mathematics,,,
ixl.black,available,52,9%,3,Mathematics,,,
lxi.black,available,52,5%,3,Mathematics,,,
lxxxvi.black,available,52,1%,6,Mathematics,,,
lxv.black,available,52,5%,3,Mathematics,,,
lxxxvii.black,available,52,1%,7,Mathematics,,,
lxxiii.black,available,52,1%,6,Mathematics,,,
sixtytwo.black,available,52,3%,9,Mathematics,,,
ninetytwo.black,available,52,4%,10,Mathematics,,,
adenoidal.black,available,52,1%,9,"Health and Fitness,Medicine,Science",,,
xcvii.black,available,52,1%,5,Mathematics,,,
decumbent.black,available,52,1%,9,"Healthcare,Medicine,Science",,,
lxxii.black,available,52,1%,5,Mathematics,,,
lxxxiii.black,available,52,1%,7,Mathematics,,,
xcii.black,available,52,2%,4,Mathematics,,,
lxii.black,available,52,1%,4,Mathematics,,,
littlejoe.black,available,52,2%,10,"Entertainment,Media",,,
lxxv.black,available,52,1%,4,Mathematics,,,
repugnant.black,available,52,1%,9,Humanities,,,
abysmal.black,available,52,4%,7,"Arts,Entertainment,Media",,,
ixc.black,available,52,5%,3,Mathematics,,,
abusive.black,available,52,3%,7,"Healthcare,Law",,,
xci.black,available,52,4%,3,Mathematics,,,
xciii.black,available,52,1%,5,Mathematics,,,
tierce.black,available,52,3%,6,General,,,
detestable.black,available,52,1%,10,Humanities,,,
lxxvii.black,available,52,2%,6,Mathematics,,,
repulsive.black,available,52,1%,9,Humanities,,,
lxxvi.black,available,52,1%,5,Mathematics,,,
lxxxi.black,available,52,1%,5,Mathematics,,,
lxxxii.black,available,52,1%,6,Mathematics,,,
eightyone.black,available,52,3%,10,Mathematics,,,
lxvii.black,available,52,1%,5,Mathematics,,,
xcviii.black,available,52,1%,6,Mathematics,,,
abominable.black,available,52,2%,10,"Entertainment,Humanities",,,
adactylous.black,available,50,0%,10,Science,,,
scummy.black,available,50,1%,6,Humanities,,,
aborticide.black,available,50,0%,10,Medicine,,,
acerb.black,available,50,2%,5,Science,,,
abranchial.black,available,50,0%,10,Science,,,
trine.black,available,50,11%,5,"General,Religion",,,
abomasal.black,available,50,0%,8,Agriculture,,,
spinous.black,available,50,1%,7,"Agriculture,Science",,,
acapnotic.black,available,50,0%,9,"Healthcare,Medicine,Science",,,
acerose.black,available,50,1%,7,Science,,,
abactinal.black,available,50,0%,9,Science,,,
triplet.black,available,50,8%,7,Science,,,
gillless.black,available,50,0%,9,Science,,,
acetose.black,available,50,1%,7,Science,,,
acetous.black,available,50,1%,7,Science,,,
vinegary.black,available,50,1%,8,Food and Beverage,,,
adhominem.black,available,50,2%,10,"Humanities,Law,Politics",,,
acaudal.black,available,50,1%,7,"Agriculture,Science",,,
acquitted.black,available,50,1%,9,Law,,,
abbatial.black,available,50,0%,8,Religion,,,
aculeated.black,available,50,0%,9,"Engineering,Medicine,Science",,,
quint.black,available,50,13%,5,"Arts,Entertainment",,,
broached.black,available,50,0%,8,Food and Beverage,,,
cinque.black,available,50,7%,6,Mathematics,,,
needlelike.black,available,50,0%,10,"Engineering,Medicine,Science",,,
acapnic.black,available,50,0%,7,"Healthcare,Medicine,Science",,,
acellular.black,available,50,1%,9,Science,,,
acerbic.black,available,50,2%,7,"Arts,Humanities,Media",,,
abducting.black,available,50,0%,9,Medicine,,,
lxx.black,available,50,5%,3,Mathematics,,,
ogdoad.black,available,50,1%,6,Mathematics,,,
abdicable.black,available,50,0%,9,Law,,,
lxxxviii.black,available,48,1%,8,Mathematics,,,
abstracted.black,available,48,5%,10,"Arts,Humanities,Science",,,
ilxxx.black,available,48,1%,5,Mathematics,,,
abyssal.black,available,48,12%,7,"Arts,Entertainment,Media",,,
notguilty.black,available,48,5%,10,Law,,,
ilxx.black,available,48,1%,4,Mathematics,,,
execrable.black,available,48,0%,9,"Entertainment,Humanities",,,
acetonic.black,available,46,1%,8,Science,,,
stripling.black,available,46,2%,9,"Education,Entertainment,Healthcare",,,
achromous.black,available,46,1%,9,Science,,,
theabsurd.black,available,46,1%,10,"Arts,Entertainment,Media",,,
acarpelous.black,available,46,0%,10,"Agriculture,Science",,,
vinegarish.black,available,46,1%,10,Food and Beverage,,,
acapnial.black,available,46,0%,8,"Healthcare,Medicine,Science",,,
acheronian.black,available,46,1%,10,Humanities,,,
acetabular.black,available,46,1%,10,Science,,,
acarpous.black,available,46,0%,8,"Agriculture,Science",,,
acephalous.black,available,46,1%,10,Science,,,
achromic.black,available,46,2%,8,Science,,,
acicular.black,available,46,2%,8,Science,,,
stemless.black,available,46,2%,8,"Agriculture,Science",,,
acanthoid.black,available,46,1%,9,"Agriculture,Science",,,
acaudate.black,available,46,1%,8,"Agriculture,Science",,,
achenial.black,available,46,1%,8,Science,,,
acetylenic.black,available,46,1%,10,Science,,,
cotyloid.black,available,46,1%,8,Science,,,
quaternary.black,available,46,3%,10,Mathematics,,,
acetylic.black,available,46,1%,8,Science,,,
acanthous.black,available,46,0%,9,"Agriculture,Science",,,
acanthotic.black,available,46,0%,10,"Agriculture,Science",,,
acherontic.black,available,44,1%,10,Humanities,,,
cotyloidal.black,available,44,1%,10,Science,,,
accusatory.black,available,44,1%,10,Law,,,
abscessed.black,available,41,0%,9,Healthcare,,,
phoebe.black,available,41,14%,6,Science,,,
accusive.black,available,40,1%,8,Law,,,
accurst.black,available,40,1%,7,Religion,,,
scurrilous.black,available,40,1%,10,"Entertainment,Media,Politics",,,